create schema JobPortalSystem;
create table Jobs (JobID int(50) primary key,
                   Title varchar(100),
                   Description varchar(200),
                   CompanyID int(50),
                   Location varchar(200),
                   Salary int(50),
                   PostedDate Date,
                   ApplicationDeadline Date);
INSERT INTO Jobs (JobID, Title, Description, CompanyID, Location, Salary, PostedDate, ApplicationDeadline) VALUES
(1, 'Software Engineer', 'Develop and maintain software applications.', 101, 'New York, NY', 120000, '2024-08-01', '2024-09-01'),
(2, 'Data Analyst', 'Analyze data and provide insights for business decisions.', 102, 'San Francisco, CA', 95000, '2024-08-05', '2024-09-05'),
(3, 'UX Designer', 'Design user interfaces and improve user experience.', 103, 'Austin, TX', 105000, '2024-08-10', '2024-09-10'),
(4, 'Project Manager', 'Oversee project development and coordinate with team members.', 108, 'Chicago, IL', 115000, '2024-08-12', '2024-09-12'),
(5, 'Marketing Specialist', 'Develop and execute marketing strategies to drive brand growth.', 102, 'Los Angeles, CA', 90000, '2024-08-15', '2024-09-15'),
(6, 'Systems Analyst', 'Analyze and improve IT systems and processes.', 116, 'Seattle, WA', 98000, '2024-08-16', '2024-09-16'),
(7, 'Graphic Designer', 'Create visual content for marketing and branding.', 106, 'Denver, CO', 87000, '2024-08-17', '2024-09-17'),
(8, 'Sales Manager', 'Manage sales team and drive revenue growth.', 126, 'Miami, FL', 110000, '2024-08-18', '2024-09-18'),
(9, 'Content Writer', 'Write and edit content for digital and print media.', 122, 'Boston, MA', 75000, '2024-08-19', '2024-09-19'),
(10, 'Product Manager', 'Lead product development and strategy.', 150, 'Atlanta, GA', 125000, '2024-08-20', '2024-09-20'),
(11, 'Web Developer', 'Build and maintain websites and web applications.', 149, 'San Diego, CA', 95000, '2024-08-21', '2024-09-21'),
(12, 'HR Specialist', 'Manage recruitment, employee relations, and HR policies.', 148, 'Dallas, TX', 85000, '2024-08-22', '2024-09-22'),
(13, 'Financial Analyst', 'Analyze financial data and provide investment recommendations.', 147, 'Washington, DC', 105000, '2024-08-23', '2024-09-23'),
(14, 'Business Analyst', 'Evaluate business processes and provide solutions.', 146, 'Philadelphia, PA', 95000, '2024-08-24', '2024-09-24'),
(15, 'Database Administrator', 'Manage and maintain database systems.', 145, 'San Jose, CA', 110000, '2024-08-25', '2024-09-25'),
(16, 'SEO Specialist', 'Optimize websites for search engines to improve visibility.', 144, 'Houston, TX', 92000, '2024-08-26', '2024-09-26'),
(17, 'Network Engineer', 'Design and manage network infrastructure.', 143, 'Seattle, WA', 105000, '2024-08-27', '2024-09-27'),
(18, 'Customer Service Representative', 'Handle customer inquiries and resolve issues.', 142, 'Austin, TX', 70000, '2024-08-28', '2024-09-28'),
(19, 'Product Designer', 'Create and design product prototypes and user interfaces.', 141, 'Chicago, IL', 95000, '2024-08-29', '2024-09-29'),
(20, 'Operations Manager', 'Oversee daily operations and improve efficiency.', 140, 'Los Angeles, CA', 115000, '2024-08-30', '2024-09-30'),
(21, 'Technical Writer', 'Create technical documentation and user manuals.', 132, 'New York, NY', 85000, '2024-08-31', '2024-09-30'),
(22, 'DevOps Engineer', 'Manage deployment processes and system operations.', 131, 'San Francisco, CA', 120000, '2024-09-01', '2024-10-01'),
(23, 'E-commerce Specialist', 'Manage online store operations and digital marketing.', 133, 'Denver, CO', 90000, '2024-09-02', '2024-10-02'),
(24, 'IT Support Specialist', 'Provide technical support and troubleshoot IT issues.', 134, 'Miami, FL', 75000, '2024-09-03', '2024-10-03'),
(25, 'Digital Marketing Manager', 'Plan and execute digital marketing campaigns.', 135, 'Boston, MA', 95000, '2024-09-04', '2024-10-04'),
(26, 'UX Researcher', 'Conduct research to improve user experience and usability.', 136, 'Atlanta, GA', 105000, '2024-09-05', '2024-10-05'),
(27, 'Social Media Manager', 'Manage social media accounts and strategies.', 137, 'San Diego, CA', 90000, '2024-09-06', '2024-10-06'),
(28, 'Full Stack Developer', 'Develop both front-end and back-end of web applications.', 138, 'Dallas, TX', 115000, '2024-09-07', '2024-10-07'),
(29, 'Quality Assurance Analyst', 'Ensure software quality through testing and validation.', 139, 'Washington, DC', 95000, '2024-09-08', '2024-10-08'),
(30, 'Cloud Engineer', 'Design and manage cloud computing systems.', 140, 'Philadelphia, PA', 110000, '2024-09-09', '2024-10-09'),
(31, 'Front-End Developer', 'Build and maintain the user interface of web applications.', 130, 'San Jose, CA', 95000, '2024-09-10', '2024-10-10'),
(32, 'Backend Developer', 'Develop server-side logic and databases.', 129, 'Houston, TX', 105000, '2024-09-11', '2024-10-11'),
(33, 'Business Development Manager', 'Develop business strategies and partnerships.', 127, 'Seattle, WA', 120000, '2024-09-12', '2024-10-12'),
(34, 'Research Scientist', 'Conduct research and experiments in various scientific fields.', 128, 'Austin, TX', 115000, '2024-09-13', '2024-10-13'),
(35, 'Product Marketing Manager', 'Develop and execute marketing strategies for products.', 125, 'Chicago, IL', 105000, '2024-09-14', '2024-10-14'),
(36, 'Data Scientist', 'Analyze and interpret complex data to help decision making.', 126, 'Los Angeles, CA', 125000, '2024-09-15', '2024-10-15'),
(37, 'Operations Analyst', 'Analyze and improve operational processes.', 122, 'New York, NY', 95000, '2024-09-16', '2024-10-16'),
(38, 'Web Designer', 'Design and develop visually appealing websites.', 121, 'San Francisco, CA', 90000, '2024-09-17', '2024-10-17'),
(39, 'Mobile App Developer', 'Develop applications for mobile platforms.', 123, 'Denver, CO', 105000, '2024-09-18', '2024-10-18'),
(40, 'Content Strategist', 'Plan and oversee content creation and strategy.', 104, 'Miami, FL', 95000, '2024-09-19', '2024-10-19'),
(41, 'IT Manager', 'Manage IT infrastructure and support.', 105, 'Boston, MA', 115000, '2024-09-20', '2024-10-20'),
(42, 'Security Analyst', 'Monitor and protect systems from security threats.', 106, 'Atlanta, GA', 105000, '2024-09-21', '2024-10-21'),
(43, 'Technical Support Engineer', 'Provide technical support and solutions for hardware and software.', 107, 'San Diego, CA', 85000, '2024-09-22', '2024-10-22'),
(44, 'User Interface Designer', 'Design user interfaces for websites and applications.', 108, 'Dallas, TX', 90000, '2024-09-23', '2024-10-23'),
(45, 'Customer Success Manager', 'Ensure customer satisfaction and manage relationships.', 109, 'Washington, DC', 95000, '2024-09-24', '2024-10-24'),
(46, 'Business Intelligence Analyst', 'Analyze business data to support decision-making.', 110, 'Philadelphia, PA', 98000, '2024-09-25', '2024-10-25'),
(47, 'Digital Content Creator', 'Create and manage digital content across platforms.', 120, 'San Jose, CA', 90000, '2024-09-26', '2024-10-26'),
(48, 'Software Architect', 'Design and plan software solutions and systems.', 119, 'Houston, TX', 125000, '2024-09-27', '2024-10-27'),
(49, 'Application Support Analyst', 'Provide support and troubleshooting for applications.', 118, 'Seattle, WA', 85000, '2024-09-28', '2024-10-28'),
(50, 'Data Engineer', 'Build and manage data pipelines and systems.', 117, 'Austin, TX', 110000, '2024-09-29', '2024-10-29');

select * from Jobs;

create table Companies (CompanyId int primary key, 
						Name varchar(200), 
                        Description varchar(200), 
                        website varchar(100), 
                        Location varchar(200), 
                        Industry varchar(100), 
                        ContactEmail varchar(100));
                        
INSERT INTO Companies (CompanyID, Name, Description, Website, Location, Industry, ContactEmail) VALUES
(101, 'Tech Innovators Inc.', 'Leading technology company specializing in software and hardware solutions.', 'https://www.techinnovators.com', 'New York, NY', 'Technology', 'contact@techinnovators.com'),
(102, 'Data Solutions LLC', 'Expert in data analytics and business intelligence services.', 'https://www.datasolutions.com', 'San Francisco, CA', 'Data Analytics', 'info@datasolutions.com'),
(103, 'Design Masters Co.', 'Creative agency focusing on user experience and design.', 'https://www.designmasters.com', 'Austin, TX', 'Design', 'support@designmasters.com'),
(104, 'Marketing Gurus Ltd.', 'Marketing agency offering digital and traditional marketing strategies.', 'https://www.marketinggurus.com', 'Los Angeles, CA', 'Marketing', 'hello@marketinggurus.com'),
(105, 'HealthTech Solutions', 'Innovative solutions in healthcare technology.', 'https://www.healthtechsolutions.com', 'Chicago, IL', 'Healthcare', 'contact@healthtechsolutions.com'),
(106, 'FinTech Partners', 'Financial technology solutions for modern financial services.', 'https://www.fintechpartners.com', 'Miami, FL', 'Fintech', 'info@fintechpartners.com'),
(107, 'EduTech Enterprises', 'Educational technology solutions and learning platforms.', 'https://www.edutechent.com', 'Boston, MA', 'Education', 'support@edutechent.com'),
(108, 'Green Energy Solutions', 'Renewable energy solutions for sustainable development.', 'https://www.greenenergysol.com', 'Seattle, WA', 'Energy', 'contact@greenenergysol.com'),
(109, 'Retail Dynamics Inc.', 'Retail solutions including point-of-sale systems and e-commerce.', 'https://www.retaildynamics.com', 'San Diego, CA', 'Retail', 'info@retaildynamics.com'),
(110, 'TravelXperts', 'Travel agency offering customized travel experiences and bookings.', 'https://www.travelxperts.com', 'Denver, CO', 'Travel', 'hello@travelxperts.com'),
(111, 'Legal Solutions Ltd.', 'Legal services and solutions for various legal needs.', 'https://www.legalsolutions.com', 'Houston, TX', 'Legal', 'contact@legalsolutions.com'),
(112, 'Foodie Ventures', 'Gourmet food products and culinary innovations.', 'https://www.foodieventures.com', 'Atlanta, GA', 'Food & Beverage', 'info@foodieventures.com'),
(113, 'Real Estate Hub', 'Real estate agency specializing in residential and commercial properties.', 'https://www.realestatehub.com', 'Philadelphia, PA', 'Real Estate', 'support@realestatehub.com'),
(114, 'Automotive Excellence', 'Automotive services including sales, repairs, and maintenance.', 'https://www.automotiveexcellence.com', 'San Jose, CA', 'Automotive', 'contact@automotiveexcellence.com'),
(115, 'Construction Pros', 'Construction and renovation services for residential and commercial projects.', 'https://www.constructionpros.com', 'Dallas, TX', 'Construction', 'info@constructionpros.com'),
(116, 'Entertainment World', 'Entertainment company specializing in film, music, and events.', 'https://www.entertainmentworld.com', 'Los Angeles, CA', 'Entertainment', 'hello@entertainmentworld.com'),
(117, 'Telecom Innovations', 'Telecommunications solutions and services.', 'https://www.telecominnovations.com', 'Chicago, IL', 'Telecommunications', 'contact@telecominnovations.com'),
(118, 'Cyber Security Experts', 'Cybersecurity solutions and risk management.', 'https://www.cybersecurityexperts.com', 'New York, NY', 'Cybersecurity', 'info@cybersecurityexperts.com'),
(119, 'Fashion Forward', 'Fashion and apparel company with a focus on trendsetting designs.', 'https://www.fashionforward.com', 'San Francisco, CA', 'Fashion', 'support@fashionforward.com'),
(120, 'Logistics Solutions', 'Logistics and supply chain management services.', 'https://www.logisticssolutions.com', 'Miami, FL', 'Logistics', 'contact@logisticssolutions.com');
INSERT INTO Companies (CompanyID, Name, Description, Website, Location, Industry, ContactEmail) VALUES
(121, 'Smart Home Innovations', 'Leading company in smart home technology and automation.', 'https://www.smarthomeinnovations.com', 'Austin, TX', 'Technology', 'info@smarthomeinnovations.com'),
(122, 'Digital Health Corp.', 'Pioneers in digital health solutions and medical devices.', 'https://www.digitalhealthcorp.com', 'San Francisco, CA', 'Healthcare', 'contact@digitalhealthcorp.com'),
(123, 'Creative Agency Ltd.', 'Full-service creative agency for branding and advertising.', 'https://www.creativeagency.com', 'Los Angeles, CA', 'Advertising', 'support@creativeagency.com'),
(124, 'Tech Solutions Group', 'Comprehensive IT solutions and consulting services.', 'https://www.techsolutionsgroup.com', 'Seattle, WA', 'IT Services', 'info@techsolutionsgroup.com'),
(125, 'Eco-Friendly Products', 'Company specializing in eco-friendly and sustainable products.', 'https://www.ecofriendlyproducts.com', 'New York, NY', 'Retail', 'contact@ecofriendlyproducts.com'),
(126, 'NextGen Robotics', 'Developers of cutting-edge robotics and automation systems.', 'https://www.nextgenrobotics.com', 'Chicago, IL', 'Robotics', 'info@nextgenrobotics.com'),
(127, 'Health Innovations', 'Innovative solutions in medical research and healthcare technology.', 'https://www.healthinnovations.com', 'Houston, TX', 'Healthcare', 'support@healthinnovations.com'),
(128, 'Cloud Solutions Inc.', 'Cloud computing services and solutions for businesses.', 'https://www.cloudsolutionsinc.com', 'Dallas, TX', 'Cloud Computing', 'contact@cloudsolutionsinc.com'),
(129, 'Media Partners', 'Media company specializing in digital content and broadcasting.', 'https://www.mediapartners.com', 'Atlanta, GA', 'Media', 'info@mediapartners.com'),
(130, 'GreenTech Industries', 'Leading the way in green technology and renewable energy.', 'https://www.greentechindustries.com', 'Denver, CO', 'Energy', 'support@greentechindustries.com'),
(131, 'Virtual Reality World', 'Developers of immersive virtual reality experiences and applications.', 'https://www.virtualrealityworld.com', 'San Diego, CA', 'Virtual Reality', 'contact@virtualrealityworld.com'),
(132, 'Urban Living Solutions', 'Providing solutions for urban living and smart city development.', 'https://www.urbanlivingsolutions.com', 'Philadelphia, PA', 'Urban Development', 'info@urbanlivingsolutions.com'),
(133, 'Innovative Fintech', 'Financial technology solutions focusing on digital payments and blockchain.', 'https://www.innovativefintech.com', 'San Jose, CA', 'Fintech', 'support@innovativefintech.com'),
(134, 'Tech & Design Co.', 'Combining technology and design to create innovative solutions.', 'https://www.techanddesignco.com', 'Austin, TX', 'Technology', 'contact@techanddesignco.com'),
(135, 'Advanced Manufacturing', 'Expert in advanced manufacturing techniques and technologies.', 'https://www.advancedmanufacturing.com', 'Seattle, WA', 'Manufacturing', 'info@advancedmanufacturing.com'),
(136, 'Global Travel Services', 'Providing global travel management and booking services.', 'https://www.globaltravelservices.com', 'New York, NY', 'Travel', 'support@globaltravelservices.com'),
(137, 'Digital Media Group', 'Digital marketing and media solutions for businesses.', 'https://www.digitalmediagroup.com', 'Chicago, IL', 'Marketing', 'contact@digitalmediagroup.com'),
(138, 'Cyber Solutions Ltd.', 'Specialists in cybersecurity and risk management.', 'https://www.cybersolutionsltd.com', 'Los Angeles, CA', 'Cybersecurity', 'info@cybersolutionsltd.com'),
(139, 'Automotive Innovations', 'Innovative solutions for the automotive industry.', 'https://www.automotiveinnovations.com', 'Houston, TX', 'Automotive', 'support@automotiveinnovations.com'),
(140, 'Biotech Research Inc.', 'Leading company in biotechnology and research.', 'https://www.biotechresearchinc.com', 'San Francisco, CA', 'Biotechnology', 'contact@biotechresearchinc.com'),
(141, 'Smart Retail Tech', 'Technology solutions for modern retail and e-commerce.', 'https://www.smartretailtech.com', 'Dallas, TX', 'Retail Tech', 'info@smartretailtech.com'),
(142, 'Urban Agriculture Co.', 'Urban agriculture solutions and sustainable farming practices.', 'https://www.urbanagricultureco.com', 'Philadelphia, PA', 'Agriculture', 'support@urbanagricultureco.com'),
(143, 'Sustainable Products Inc.', 'Offering a range of sustainable and eco-friendly products.', 'https://www.sustainableproductsinc.com', 'Miami, FL', 'Retail', 'contact@sustainableproductsinc.com'),
(144, 'Advanced Tech Solutions', 'Providing advanced technology solutions and consulting.', 'https://www.advancedtechsolutions.com', 'Boston, MA', 'Technology', 'info@advancedtechsolutions.com'),
(145, 'Innovative Design Works', 'Design agency specializing in innovative and user-centered design.', 'https://www.innovativedesignworks.com', 'San Diego, CA', 'Design', 'contact@innovativesignworks.com'),
(146, 'Tech and Media Hub', 'Technology and media company offering integrated solutions.', 'https://www.techandmediahub.com', 'Denver, CO', 'Technology', 'support@techandmediahub.com'),
(147, 'HealthCare Experts', 'Healthcare consulting and medical solutions.', 'https://www.healthcareexperts.com', 'New York, NY', 'Healthcare', 'info@healthcareexperts.com'),
(148, 'Digital Commerce Solutions', 'Solutions for digital commerce and online sales.', 'https://www.digitalcommercesolutions.com', 'Austin, TX', 'E-commerce', 'contact@digitalcommercesolutions.com'),
(149, 'Renewable Energy Systems', 'Providing renewable energy systems and solutions.', 'https://www.renewableenergysystems.com', 'San Francisco, CA', 'Energy', 'support@renewableenergysystems.com'),
(150, 'Smart Logistics Group', 'Logistics solutions focusing on smart and efficient operations.', 'https://www.smartlogisticsgroup.com', 'Chicago, IL', 'Logistics', 'info@smartlogisticsgroup.com');

select * from Companies;

create table Applicants (ApplicantID int Primary Key, 
						 FirstName varchar(20), 
                         LastName varchar(20), 
                         Email varchar(20), 
                         Phone int(11), 
                         Resume varchar(100), 
                         LinkedInProfile varchar(100));
INSERT INTO Applicants (ApplicantID, FirstName, LastName, Email, Phone, Resume, LinkedInProfile) VALUES
(1, 'John', 'Doe', 'john.doe@example.com', '5550101', 'https://example.com/resumes/john_doe.pdf', 'https://linkedin.com/in/johndoe'),
(2, 'Jane', 'Smith', 'jane.smith@example.com', '5550102', 'https://example.com/resumes/jane_smith.pdf', 'https://linkedin.com/in/janesmith'),
(3, 'Robert', 'Johnson', 'robert.johnson@example.com', '5550103', 'https://example.com/resumes/robert_johnson.pdf', 'https://linkedin.com/in/robertjohnson'),
(4, 'Emily', 'Williams', 'emily.williams@example.com', '5550104', 'https://example.com/resumes/emily_williams.pdf', 'https://linkedin.com/in/emilywilliams'),
(5, 'Michael', 'Brown', 'michael.brown@example.com', '5550105', 'https://example.com/resumes/michael_brown.pdf', 'https://linkedin.com/in/michaelbrown'),
(6, 'Sarah', 'Jones', 'sarah.jones@example.com', '5550106', 'https://example.com/resumes/sarah_jones.pdf', 'https://linkedin.com/in/sarahjones'),
(7, 'David', 'Garcia', 'david.garcia@example.com', '5550107', 'https://example.com/resumes/david_garcia.pdf', 'https://linkedin.com/in/davidgarcia'),
(8, 'Laura', 'Martinez', 'laura.martinez@example.com', '5550108', 'https://example.com/resumes/laura_martinez.pdf', 'https://linkedin.com/in/lauramartinez'),
(9, 'James', 'Hernandez', 'james.hernandez@example.com', '5550109', 'https://example.com/resumes/james_hernandez.pdf', 'https://linkedin.com/in/jameshernandez'),
(10, 'Olivia', 'Lopez', 'olivia.lopez@example.com', '5550110', 'https://example.com/resumes/olivia_lopez.pdf', 'https://linkedin.com/in/olivialopez'),
(11, 'Daniel', 'Wilson', 'daniel.wilson@example.com', '5550111', 'https://example.com/resumes/daniel_wilson.pdf', 'https://linkedin.com/in/danielwilson'),
(12, 'Sophia', 'Anderson', 'sophia.anderson@example.com', '5550112', 'https://example.com/resumes/sophia_anderson.pdf', 'https://linkedin.com/in/sophiaanderson'),
(13, 'Christopher', 'Thomas', 'christopher.thomas@example.com', '5550113', 'https://example.com/resumes/christopher_thomas.pdf', 'https://linkedin.com/in/christopherthomas'),
(14, 'Isabella', 'Taylor', 'isabella.taylor@example.com', '5550114', 'https://example.com/resumes/isabella_taylor.pdf', 'https://linkedin.com/in/isabellataylor'),
(15, 'Matthew', 'Moore', 'matthew.moore@example.com', '5550115', 'https://example.com/resumes/matthew_moore.pdf', 'https://linkedin.com/in/matthewmoore'),
(16, 'Mia', 'Jackson', 'mia.jackson@example.com', '5550116', 'https://example.com/resumes/mia_jackson.pdf', 'https://linkedin.com/in/miajackson'),
(17, 'Andrew', 'White', 'andrew.white@example.com', '5550117', 'https://example.com/resumes/andrew_white.pdf', 'https://linkedin.com/in/andrewwhite'),
(18, 'Charlotte', 'Harris', 'charlotte.harris@example.com', '5550118', 'https://example.com/resumes/charlotte_harris.pdf', 'https://linkedin.com/in/charlotteharris'),
(19, 'Joshua', 'Clark', 'joshua.clark@example.com', '5550119', 'https://example.com/resumes/joshua_clark.pdf', 'https://linkedin.com/in/joshuaclark'),
(20, 'Amelia', 'Lewis', 'amelia.lewis@example.com', '5550120', 'https://example.com/resumes/amelia_lewis.pdf', 'https://linkedin.com/in/amelialewis'),
(21, 'Ethan', 'Roberts', 'ethan.roberts@example.com', '5550121', 'https://example.com/resumes/ethan_roberts.pdf', 'https://linkedin.com/in/ethanroberts'),
(22, 'Avery', 'Walker', 'avery.walker@example.com', '5550122', 'https://example.com/resumes/avery_walker.pdf', 'https://linkedin.com/in/averywalker'),
(23, 'Ryan', 'Young', 'ryan.young@example.com', '5550123', 'https://example.com/resumes/ryan_young.pdf', 'https://linkedin.com/in/ryanyoung'),
(24, 'Ella', 'Allen', 'ella.allen@example.com', '5550124', 'https://example.com/resumes/ella_allen.pdf', 'https://linkedin.com/in/ellaallen'),
(25, 'Jacob', 'King', 'jacob.king@example.com', '5550125', 'https://example.com/resumes/jacob_king.pdf', 'https://linkedin.com/in/jacobking'),
(26, 'Grace', 'Scott', 'grace.scott@example.com', '5550126', 'https://example.com/resumes/grace_scott.pdf', 'https://linkedin.com/in/gracescott'),
(27, 'Alexander', 'Adams', 'alexander.adams@example.com', '5550127', 'https://example.com/resumes/alexander_adams.pdf', 'https://linkedin.com/in/alexanderadams'),
(28, 'Hannah', 'Baker', 'hannah.baker@example.com', '5550128', 'https://example.com/resumes/hannah_baker.pdf', 'https://linkedin.com/in/hannahbaker'),
(29, 'Liam', 'Gonzalez', 'liam.gonzalez@example.com', '5550129', 'https://example.com/resumes/liam_gonzalez.pdf', 'https://linkedin.com/in/liamgonzalez'),
(30, 'Zoe', 'Nelson', 'zoe.nelson@example.com', '5550130', 'https://example.com/resumes/zoe_nelson.pdf', 'https://linkedin.com/in/zoenelson'),
(31, 'Benjamin', 'Carter', 'benjamin.carter@example.com', '5550131', 'https://example.com/resumes/benjamin_carter.pdf', 'https://linkedin.com/in/benjamincarter'),
(32, 'Natalie', 'Mitchell', 'natalie.mitchell@example.com', '5550132', 'https://example.com/resumes/natalie_mitchell.pdf', 'https://linkedin.com/in/nataliemitchell'),
(33, 'Samuel', 'Perez', 'samuel.perez@example.com', '5550133', 'https://example.com/resumes/samuel_perez.pdf', 'https://linkedin.com/in/samuelperez'),
(34, 'Aria', 'Robinson', 'aria.robinson@example.com', '5550134', 'https://example.com/resumes/aria_robinson.pdf', 'https://linkedin.com/in/ariarobinson'),
(35, 'Henry', 'Jackson', 'henry.jackson@example.com', '5550135', 'https://example.com/resumes/henry_jackson.pdf', 'https://linkedin.com/in/henryjackson'),
(36, 'Ella', 'Green', 'ella.green@example.com', '5550136', 'https://example.com/resumes/ella_green.pdf', 'https://linkedin.com/in/ellagreen'),
(37, 'John', 'Baker', 'john.baker@example.com', '5550137', 'https://example.com/resumes/john_baker.pdf', 'https://linkedin.com/in/johnbaker'),
(38, 'Sophia', 'Cruz', 'sophia.cruz@example.com', '5550138', 'https://example.com/resumes/sophia_cruz.pdf', 'https://linkedin.com/in/sophiacruz'),
(39, 'Oliver', 'Ward', 'oliver.ward@example.com', '5550139', 'https://example.com/resumes/oliver_ward.pdf', 'https://linkedin.com/in/oliverward'),
(40, 'Mia', 'James', 'mia.james@example.com', '5550140', 'https://example.com/resumes/mia_james.pdf', 'https://linkedin.com/in/miajames'),
(41, 'Ethan', 'Parker', 'ethan.parker@example.com', '5550141', 'https://example.com/resumes/ethan_parker.pdf', 'https://linkedin.com/in/ethanparker'),
(42, 'Ava', 'Sanchez', 'ava.sanchez@example.com', '5550142', 'https://example.com/resumes/ava_sanchez.pdf', 'https://linkedin.com/in/avasanchez'),
(43, 'Noah', 'Morris', 'noah.morris@example.com', '5550143', 'https://example.com/resumes/noah_morris.pdf', 'https://linkedin.com/in/noahmorris'),
(44, 'Megan', 'Murphy', 'megan.murphy@example.com', '5550144', 'https://example.com/resumes/megan_murphy.pdf', 'https://linkedin.com/in/meganmurphy'),
(45, 'Daniel', 'Rogers', 'daniel.rogers@example.com', '5550145', 'https://example.com/resumes/daniel_rogers.pdf', 'https://linkedin.com/in/danielrogers'),
(46, 'Lily', 'Peterson', 'lily.peterson@example.com', '5550146', 'https://example.com/resumes/lily_peterson.pdf', 'https://linkedin.com/in/lilypeterson'),
(47, 'Jack', 'Hughes', 'jack.hughes@example.com', '5550147', 'https://example.com/resumes/jack_hughes.pdf', 'https://linkedin.com/in/jackhughes'),
(48, 'Emily', 'Gray', 'emily.gray@example.com', '5550148', 'https://example.com/resumes/emily_gray.pdf', 'https://linkedin.com/in/emilygray'),
(49, 'Lucas', 'Foster', 'lucas.foster@example.com', '5550149', 'https://example.com/resumes/lucas_foster.pdf', 'https://linkedin.com/in/lucasfoster'),
(50, 'Avery', 'Russell', 'avery.russell@example.com', '5550150', 'https://example.com/resumes/avery_russell.pdf', 'https://linkedin.com/in/averyrussell'),
(51, 'Nathan', 'Bryant', 'nathan.bryant@example.com', '5550151', 'https://example.com/resumes/nathan_bryant.pdf', 'https://linkedin.com/in/nathanbryant'),
(52, 'Hannah', 'Wood', 'hannah.wood@example.com', '5550152', 'https://example.com/resumes/hannah_wood.pdf', 'https://linkedin.com/in/hannahwood'),
(53, 'Caleb', 'Watson', 'caleb.watson@example.com', '5550153', 'https://example.com/resumes/caleb_watson.pdf', 'https://linkedin.com/in/calebwatson'),
(54, 'Addison', 'Cole', 'addison.cole@example.com', '5550154', 'https://example.com/resumes/addison_cole.pdf', 'https://linkedin.com/in/addisoncole'),
(55, 'James', 'Morgan', 'james.morgan@example.com', '5550155', 'https://example.com/resumes/james_morgan.pdf', 'https://linkedin.com/in/jamesmorgan'),
(56, 'Grace', 'Bell', 'grace.bell@example.com', '5550156', 'https://example.com/resumes/grace_bell.pdf', 'https://linkedin.com/in/gracebell'),
(57, 'Henry', 'Murphy', 'henry.murphy@example.com', '5550157', 'https://example.com/resumes/henry_murphy.pdf', 'https://linkedin.com/in/henrymurfphy'),
(58, 'Samantha', 'Perry', 'samantha.perry@example.com', '5550158', 'https://example.com/resumes/samantha_perry.pdf', 'https://linkedin.com/in/samanthaperry'),
(59, 'Mason', 'Butler', 'mason.butler@example.com', '5550159', 'https://example.com/resumes/mason_butler.pdf', 'https://linkedin.com/in/masonbutler'),
(60, 'Ella', 'Sanders', 'ella.sanders@example.com', '5550160', 'https://example.com/resumes/ella_sanders.pdf', 'https://linkedin.com/in/ellasanders'),
(61, 'Ryan', 'Ross', 'ryan.ross@example.com', '5550161', 'https://example.com/resumes/ryan_ross.pdf', 'https://linkedin.com/in/ryanross'),
(62, 'Lila', 'Ward', 'lila.ward@example.com', '5550162', 'https://example.com/resumes/lila_ward.pdf', 'https://linkedin.com/in/lilaward'),
(63, 'Gavin', 'Reed', 'gavin.reed@example.com', '5550163', 'https://example.com/resumes/gavin_reed.pdf', 'https://linkedin.com/in/gavinreed'),
(64, 'Chloe', 'Kelly', 'chloe.kelly@example.com', '5550164', 'https://example.com/resumes/chloe_kelly.pdf', 'https://linkedin.com/in/chloekelly'),
(65, 'Connor', 'Price', 'connor.price@example.com', '5550165', 'https://example.com/resumes/connor_price.pdf', 'https://linkedin.com/in/connorprice'),
(66, 'Isabella', 'Flores', 'isabella.flores@example.com', '5550166', 'https://example.com/resumes/isabella_flores.pdf', 'https://linkedin.com/in/isabellaflores'),
(67, 'Dylan', 'Barnes', 'dylan.barnes@example.com', '5550167', 'https://example.com/resumes/dylan_barnes.pdf', 'https://linkedin.com/in/dylanbarnes'),
(68, 'Madison', 'Gray', 'madison.gray@example.com', '5550168', 'https://example.com/resumes/madison_gray.pdf', 'https://linkedin.com/in/madisongray'),
(69, 'Owen', 'Bennett', 'owen.bennett@example.com', '5550169', 'https://example.com/resumes/owen_bennett.pdf', 'https://linkedin.com/in/owenbennett'),
(70, 'Mia', 'James', 'mia.james@example.com', '5550170', 'https://example.com/resumes/mia_james.pdf', 'https://linkedin.com/in/miajames'),
(71, 'Ethan', 'Morris', 'ethan.morris@example.com', '5550171', 'https://example.com/resumes/ethan_morris.pdf', 'https://linkedin.com/in/ethanmorris'),
(72, 'Ava', 'Taylor', 'ava.taylor@example.com', '5550172', 'https://example.com/resumes/ava_taylor.pdf', 'https://linkedin.com/in/avataylor'),
(73, 'Elijah', 'Martin', 'elijah.martin@example.com', '5550173', 'https://example.com/resumes/elijah_martin.pdf', 'https://linkedin.com/in/elijahmartin'),
(74, 'Ella', 'Harris', 'ella.harris@example.com', '5550174', 'https://example.com/resumes/ella_harris.pdf', 'https://linkedin.com/in/ellaharris'),
(75, 'Mason', 'Young', 'mason.young@example.com', '5550175', 'https://example.com/resumes/mason_young.pdf', 'https://linkedin.com/in/masonyoung'),
(76, 'Lily', 'Walker', 'lily.walker@example.com', '5550176', 'https://example.com/resumes/lily_walker.pdf', 'https://linkedin.com/in/lilywalker'),
(77, 'Lucas', 'Hall', 'lucas.hall@example.com', '5550177', 'https://example.com/resumes/lucas_hall.pdf', 'https://linkedin.com/in/lucashall'),
(78, 'Zoe', 'Allen', 'zoe.allen@example.com', '5550178', 'https://example.com/resumes/zoe_allen.pdf', 'https://linkedin.com/in/zoeallen'),
(79, 'Henry', 'Adams', 'henry.adams@example.com', '5550179', 'https://example.com/resumes/henry_adams.pdf', 'https://linkedin.com/in/henryadams'),
(80, 'Sophie', 'Nelson', 'sophie.nelson@example.com', '5550180', 'https://example.com/resumes/sophie_nelson.pdf', 'https://linkedin.com/in/sophienelson'),
(81, 'Gabriel', 'Carter', 'gabriel.carter@example.com', '5550181', 'https://example.com/resumes/gabriel_carter.pdf', 'https://linkedin.com/in/gabrielcarter'),
(82, 'Avery', 'Mitchell', 'avery.mitchell@example.com', '5550182', 'https://example.com/resumes/avery_mitchell.pdf', 'https://linkedin.com/in/averymitchell'),
(83, 'Jackson', 'Parker', 'jackson.parker@example.com', '5550183', 'https://example.com/resumes/jackson_parker.pdf', 'https://linkedin.com/in/jacksonparker'),
(84, 'Mia', 'Collins', 'mia.collins@example.com', '5550184', 'https://example.com/resumes/mia_collins.pdf', 'https://linkedin.com/in/miacollins'),
(85, 'Logan', 'Morris', 'logan.morris@example.com', '5550185', 'https://example.com/resumes/logan_morris.pdf', 'https://linkedin.com/in/loganmorris'),
(86, 'Hannah', 'Miller', 'hannah.miller@example.com', '5550186', 'https://example.com/resumes/hannah_miller.pdf', 'https://linkedin.com/in/hannahmiller'),
(87, 'Mason', 'Clark', 'mason.clark@example.com', '5550187', 'https://example.com/resumes/mason_clark.pdf', 'https://linkedin.com/in/masonclark'),
(88, 'Emma', 'Evans', 'emma.evans@example.com', '5550188', 'https://example.com/resumes/emma_evans.pdf', 'https://linkedin.com/in/emmaevans'),
(89, 'Elijah', 'Walker', 'elijah.walker@example.com', '5550189', 'https://example.com/resumes/elijah_walker.pdf', 'https://linkedin.com/in/elijahwalker'),
(90, 'Charlotte', 'Roberts', 'charlotte.roberts@example.com', '5550190', 'https://example.com/resumes/charlotte_roberts.pdf', 'https://linkedin.com/in/charlotteroberts'),
(91, 'James', 'Young', 'james.young@example.com', '5550191', 'https://example.com/resumes/james_young.pdf', 'https://linkedin.com/in/jamesyoung'),
(92, 'Aiden', 'Ward', 'aiden.ward@example.com', '5550192', 'https://example.com/resumes/aiden_ward.pdf', 'https://linkedin.com/in/aidenward'),
(93, 'Lila', 'Hughes', 'lila.hughes@example.com', '5550193', 'https://example.com/resumes/lila_hughes.pdf', 'https://linkedin.com/in/lilahughes'),
(94, 'Jack', 'King', 'jack.king@example.com', '5550194', 'https://example.com/resumes/jack_king.pdf', 'https://linkedin.com/in/jackking'),
(95, 'Sophia', 'Wright', 'sophia.wright@example.com', '5550195', 'https://example.com/resumes/sophia_wright.pdf', 'https://linkedin.com/in/sophiawright'),
(96, 'Logan', 'Cook', 'logan.cook@example.com', '5550196', 'https://example.com/resumes/logan_cook.pdf', 'https://linkedin.com/in/logancook'),
(97, 'Emma', 'Young', 'emma.young@example.com', '5550197', 'https://example.com/resumes/emma_young.pdf', 'https://linkedin.com/in/emmamyoung'),
(98, 'Benjamin', 'Phillips', 'benjamin.phillips@example.com', '5550198', 'https://example.com/resumes/benjamin_phillips.pdf', 'https://linkedin.com/in/benjaminphillips'),
(99, 'Olivia', 'Parker', 'olivia.parker@example.com', '5550199', 'https://example.com/resumes/olivia_parker.pdf', 'https://linkedin.com/in/oliviaparker'),
(100, 'Noah', 'Brown', 'noah.brown@example.com', '5550200', 'https://example.com/resumes/noah_brown.pdf', 'https://linkedin.com/in/noahbrown');

                         
create table Applications (ApplicationID int primary key, JobID int, ApplicantID int, ApplicationDate Date, Status varchar(50));

INSERT INTO Applications (ApplicationID, JobID, ApplicantID, ApplicationDate, Status) VALUES
(1, 1, 1, '2024-07-01', 'Applied'),
(2, 2, 2, '2024-07-02', 'Interviewed'),
(3, 3, 3, '2024-07-03', 'Rejected'),
(4, 4, 4, '2024-07-04', 'Hired'),
(5, 5, 5, '2024-07-05', 'Applied'),
(6, 6, 6, '2024-07-06', 'Interviewed'),
(7, 7, 7, '2024-07-07', 'Rejected'),
(8, 8, 8, '2024-07-08', 'Hired'),
(9, 9, 9, '2024-07-09', 'Applied'),
(10, 10, 10, '2024-07-10', 'Interviewed'),
(11, 11, 11, '2024-07-11', 'Rejected'),
(12, 12, 12, '2024-07-12', 'Hired'),
(13, 13, 13, '2024-07-13', 'Applied'),
(14, 14, 14, '2024-07-14', 'Interviewed'),
(15, 15, 15, '2024-07-15', 'Rejected'),
(16, 16, 16, '2024-07-16', 'Hired'),
(17, 17, 17, '2024-07-17', 'Applied'),
(18, 18, 18, '2024-07-18', 'Interviewed'),
(19, 19, 19, '2024-07-19', 'Rejected'),
(20, 20, 20, '2024-07-20', 'Hired'),
(21, 21, 21, '2024-07-21', 'Applied'),
(22, 22, 22, '2024-07-22', 'Interviewed'),
(23, 23, 23, '2024-07-23', 'Rejected'),
(24, 24, 24, '2024-07-24', 'Hired'),
(25, 25, 25, '2024-07-25', 'Applied'),
(26, 26, 26, '2024-07-26', 'Interviewed'),
(27, 27, 27, '2024-07-27', 'Rejected'),
(28, 28, 28, '2024-07-28', 'Hired'),
(29, 29, 29, '2024-07-29', 'Applied'),
(30, 30, 30, '2024-07-30', 'Interviewed'),
(31, 31, 31, '2024-07-31', 'Rejected'),
(32, 32, 32, '2024-08-01', 'Hired'),
(33, 33, 33, '2024-08-02', 'Applied'),
(34, 34, 34, '2024-08-03', 'Interviewed'),
(35, 35, 35, '2024-08-04', 'Rejected'),
(36, 36, 36, '2024-08-05', 'Hired'),
(37, 37, 37, '2024-08-06', 'Applied'),
(38, 38, 38, '2024-08-07', 'Interviewed'),
(39, 39, 39, '2024-08-08', 'Rejected'),
(40, 40, 40, '2024-08-09', 'Hired'),
(41, 41, 41, '2024-08-10', 'Applied'),
(42, 42, 42, '2024-08-11', 'Interviewed'),
(43, 43, 43, '2024-08-12', 'Rejected'),
(44, 44, 44, '2024-08-13', 'Hired'),
(45, 45, 45, '2024-08-14', 'Applied'),
(46, 46, 46, '2024-08-15', 'Interviewed'),
(47, 47, 47, '2024-08-16', 'Rejected'),
(48, 48, 48, '2024-08-17', 'Hired'),
(49, 49, 49, '2024-08-18', 'Applied'),
(50, 50, 50, '2024-08-19', 'Interviewed'),
(51, 51, 51, '2024-08-20', 'Rejected'),
(52, 52, 52, '2024-08-21', 'Hired'),
(53, 53, 53, '2024-08-22', 'Applied'),
(54, 54, 54, '2024-08-23', 'Interviewed'),
(55, 55, 55, '2024-08-24', 'Rejected'),
(56, 56, 56, '2024-08-25', 'Hired'),
(57, 57, 57, '2024-08-26', 'Applied'),
(58, 58, 58, '2024-08-27', 'Interviewed'),
(59, 59, 59, '2024-08-28', 'Rejected'),
(60, 60, 60, '2024-08-29', 'Hired'),
(61, 61, 61, '2024-08-30', 'Applied'),
(62, 62, 62, '2024-08-31', 'Interviewed'),
(63, 63, 63, '2024-09-01', 'Rejected'),
(64, 64, 64, '2024-09-02', 'Hired'),
(65, 65, 65, '2024-09-03', 'Applied'),
(66, 66, 66, '2024-09-04', 'Interviewed'),
(67, 67, 67, '2024-09-05', 'Rejected'),
(68, 68, 68, '2024-09-06', 'Hired'),
(69, 69, 69, '2024-09-07', 'Applied'),
(70, 70, 70, '2024-09-08', 'Interviewed'),
(71, 71, 71, '2024-09-09', 'Rejected'),
(72, 72, 72, '2024-09-10', 'Hired'),
(73, 73, 73, '2024-09-11', 'Applied'),
(74, 74, 74, '2024-09-12', 'Interviewed'),
(75, 75, 75, '2024-09-13', 'Rejected'),
(76, 76, 76, '2024-09-14', 'Hired'),
(77, 77, 77, '2024-09-15', 'Applied'),
(78, 78, 78, '2024-09-16', 'Interviewed'),
(79, 79, 79, '2024-09-17', 'Rejected'),
(80, 80, 80, '2024-09-18', 'Hired'),
(81, 81, 81, '2024-09-19', 'Applied'),
(82, 82, 82, '2024-09-20', 'Interviewed'),
(83, 83, 83, '2024-09-21', 'Rejected'),
(84, 84, 84, '2024-09-22', 'Hired'),
(85, 85, 85, '2024-09-23', 'Applied'),
(86, 86, 86, '2024-09-24', 'Interviewed'),
(87, 87, 87, '2024-09-25', 'Rejected'),
(88, 88, 88, '2024-09-26', 'Hired'),
(89, 89, 89, '2024-09-27', 'Applied'),
(90, 90, 90, '2024-09-28', 'Interviewed'),
(91, 91, 91, '2024-09-29', 'Rejected'),
(92, 92, 92, '2024-09-30', 'Hired'),
(93, 93, 93, '2024-10-01', 'Applied'),
(94, 94, 94, '2024-10-02', 'Interviewed'),
(95, 95, 95, '2024-10-03', 'Rejected'),
(96, 96, 96, '2024-10-04', 'Hired'),
(97, 97, 97, '2024-10-05', 'Applied'),
(98, 98, 98, '2024-10-06', 'Interviewed'),
(99, 99, 99, '2024-10-07', 'Rejected'),
(100, 100, 100, '2024-10-08', 'Hired');


CREATE TABLE Reviews (
    ReviewID INT AUTO_INCREMENT PRIMARY KEY,
    CompanyID INT,
    ReviewerName VARCHAR(100),
    ReviewDate DATE,
    Rating TINYINT,
    Comment TEXT);
INSERT INTO Reviews (CompanyID, ReviewerName, ReviewDate, Rating, Comment) VALUES

(101, 'John Doe', '2024-07-01', 4, 'Great place to work. Good benefits and supportive team.'),
(102, 'Jane Smith', '2024-07-02', 3, 'Average experience. Management could be better.'),
(103, 'Alice Johnson', '2024-07-03', 5, 'Excellent company! Great work-life balance and opportunities.'),
(104, 'Bob Brown', '2024-07-04', 2, 'Not satisfied with the work environment. Needs improvement.'),
(105, 'Carol White', '2024-07-05', 4, 'Solid company with a strong focus on employee development.'),
(106, 'David Green', '2024-07-06', 3, 'Decent company but lacks in salary compensation.'),
(107, 'Emily Harris', '2024-07-07', 5, 'Fantastic company with amazing culture and perks.'),
(108, 'Frank Wilson', '2024-07-08', 1, 'Very poor experience. Would not recommend.'),
(109, 'Grace Martin', '2024-07-09', 4, 'Good company with a supportive work environment.'),
(110, 'Henry Lee', '2024-07-10', 3, 'Average company. Not too many complaints, but nothing exceptional.'),
(111, 'Ivy Clark', '2024-07-11', 5, 'Wonderful experience. Highly recommend for growth and development.'),
(121, 'Jack Lewis', '2024-07-12', 2, 'Disappointing experience. Poor management and high turnover.'),
(131, 'Kathy Walker', '2024-07-13', 4, 'Great work culture and career opportunities.'),
(141, 'Liam Hall', '2024-07-14', 3, 'Standard company with basic benefits.'),
(150, 'Mia Young', '2024-07-15', 5, 'Incredible place to work. Highly motivating environment.'),
(116, 'Nathan King', '2024-07-16', 4, 'Good company overall with a few areas for improvement.'),
(117, 'Olivia Scott', '2024-07-17', 2, 'Not very impressed with the management and work conditions.'),
(118, 'Paul Adams', '2024-07-18', 5, 'Top-notch company with excellent growth potential.'),
(119, 'Quinn Carter', '2024-07-19', 3, 'Average job experience. Could use better employee engagement.'),
(120, 'Rita Mitchell', '2024-07-20', 4, 'Solid company with a focus on employee satisfaction.'),
(121, 'Sam Brown', '2024-07-21', 1, 'Very poor working conditions. Not recommended.'),
(122, 'Tina Adams', '2024-07-22', 5, 'Amazing company! Great benefits and career advancement.'),
(123, 'Ursula Baker', '2024-07-23', 3, 'Good company, but there are better options available.'),
(124, 'Victor Turner', '2024-07-24', 4, 'Nice place to work with good work-life balance.'),
(125, 'Wendy Thomas', '2024-07-25', 2, 'Disappointing experience with lack of growth opportunities.'),
(126, 'Xander White', '2024-07-26', 5, 'Excellent company with supportive colleagues and good perks.'),
(127, 'Yara Green', '2024-07-27', 4, 'Good work environment with a few areas needing improvement.'),
(128, 'Zachary Clark', '2024-07-28', 3, 'Average company with decent pay but not much else.'),
(129, 'Abigail Walker', '2024-07-29', 5, 'Wonderful experience. Highly recommend for career growth.'),
(130, 'Ben Lewis', '2024-07-30', 4, 'Solid company with good management and benefits.'),
(131, 'Chloe Robinson', '2024-07-31', 2, 'Not happy with the work conditions and management.'),
(132, 'Daniel Martinez', '2024-08-01', 5, 'Fantastic company with great growth and learning opportunities.'),
(133, 'Ella Harris', '2024-08-02', 3, 'Decent company but could use some improvements in management.'),
(134, 'Felix Nelson', '2024-08-03', 4, 'Good place to work with supportive team members.'),
(135, 'Gina Baker', '2024-08-04', 1, 'Very poor work environment. Would not recommend.'),
(136, 'Harry King', '2024-08-05', 5, 'Excellent company with a focus on employee well-being.'),
(137, 'Irene Scott', '2024-08-06', 4, 'Great company with a few areas for growth.'),
(138, 'James Young', '2024-08-07', 2, 'Disappointed with management and growth opportunities.'),
(139, 'Kimberly Adams', '2024-08-08', 5, 'Top-tier company with excellent work culture and benefits.'),
(140, 'Louis Martinez', '2024-08-09', 3, 'Average experience. Some good aspects but also areas for improvement.'),
(141, 'Megan Walker', '2024-08-10', 4, 'Good company with a supportive environment.'),
(142, 'Nick Brown', '2024-08-11', 1, 'Very poor working conditions and management.'),
(143, 'Olivia Green', '2024-08-12', 5, 'Fantastic company with strong career development opportunities.'),
(144, 'Paul Johnson', '2024-08-13', 3, 'Decent company with basic benefits.'),
(145, 'Quinn Carter', '2024-08-14', 4, 'Nice place to work, but management needs improvement.'),
(146, 'Riley Lewis', '2024-08-15', 2, 'Not satisfied with the work conditions and management.'),
(147, 'Sarah White', '2024-08-16', 5, 'Excellent place to work with great career prospects.'),
(148, 'Tom Adams', '2024-08-17', 4, 'Good company overall with some areas needing attention.'),
(149, 'Ursula Green', '2024-08-18', 3, 'Average job with some pros and cons.'),
(150, 'Victor Clark', '2024-08-19', 5, 'Wonderful experience. Highly recommend for career growth.'),
(115, 'Wendy Baker', '2024-08-20', 2, 'Disappointing experience with poor management.'),
(125, 'Xander Brown', '2024-08-21', 4, 'Solid company with supportive work environment.'),
(135, 'Yara Harris', '2024-08-22', 3, 'Good company but lacks in certain areas.'),
(145, 'Zachary Johnson', '2024-08-23', 5, 'Fantastic company with great benefits and work culture.'),
(105, 'Abigail White', '2024-08-24', 4, 'Great place to work, but some areas could improve.'),
(106, 'Ben Lewis', '2024-08-25', 2, 'Not satisfied with the work environment and management.'),
(108, 'Chloe Adams', '2024-08-26', 5, 'Excellent work environment with strong support for employees.'),
(109, 'Daniel Harris', '2024-08-27', 3, 'Decent company with room for improvement in certain aspects.'),
(120, 'Ella Walker', '2024-08-28', 4, 'Good place to work with a positive atmosphere.'),
(121, 'Felix King', '2024-08-29', 2, 'Disappointed with the work conditions and management.');

